"","Category","Kappa Train _Mean","Kappa Train _SD","Aucroc Train _Mean","Aucroc Train _SD","Accuracy Train _Mean","Accuracy Train _SD","Kappa Test _Mean","Kappa Test _SD","Aucroc Test _Mean","Aucroc Test _SD","Accuracy Test _Mean","Accuracy Test _SD"
"1","Metabolomics",0.403339803343215,0.096636547347086,0.797118299949037,0.0516850041459929,0.729983291562239,0.0441193370302543,0.354301898854592,0.0472028966529794,0.805045045045045,0.0241894108783391,0.695522388059701,0.0231222886340741
"2","MSS",0.226218763498697,0.0726257855518422,0.660846432236807,0.0680125288784085,0.648146882357409,0.033045439519599,0.254106359862998,0.0625910947404213,0.678018018018018,0.0178622611422638,0.643781094527363,0.0286910479021867
"3","Concatenated",0.276947726729504,0.0962729349073699,0.716381849182361,0.0670257787551944,0.675595807701071,0.0388130561942868,0.338006655878287,0.108955396803863,0.71972972972973,0.0214345997758338,0.682587064676617,0.04769006786376
"4","Averaged Stacked",0.395714749788836,0.110176924009573,0.779962259188021,0.0548988865404739,0.725584795321637,0.0493533758503228,0.39519021377173,0.0515526311219589,0.77972972972973,0.02483787448257,0.713432835820896,0.0233959347110366
"5","Weighted NNLS",0.472213475147601,0.0942384493224563,0.81050284289066,0.0517336293181728,0.744464570517202,0.0474466722886162,0.407555188075632,0.0683947869236374,0.808018018018018,0.0266474851880102,0.703482587064677,0.035169389144671
"6","Lasso Stacked",0.376922714971868,0.107959420925042,0.800243013722437,0.0494642803633139,0.721670843776107,0.0486170458310015,0.348609107863463,0.0409454204081516,0.803423423423423,0.0268012880778773,0.69452736318408,0.0202352792578171
"7","PLS",0.452696455379807,0.0857035259851229,0.811207283248669,0.0511891618675403,0.745527455001139,0.0410425307980429,0.401873972115228,0.0665829590485249,0.796816816816817,0.0296728652902444,0.713432835820896,0.030483694670638
