"","Category","Kappa Train _Mean","Kappa Train _SD","Aucroc Train _Mean","Aucroc Train _SD","Accuracy Train _Mean","Accuracy Train _SD","Kappa Test _Mean","Kappa Test _SD","Aucroc Test _Mean","Aucroc Test _SD","Accuracy Test _Mean","Accuracy Test _SD"
"1","Metabolomics",0.209782220308921,0.170015693512712,0.680608465608466,0.0873086882118669,0.609360269360269,0.0836913178956179,0.397032426482984,0.0796650663899476,0.743111111111111,0.0386622876557051,0.701818181818182,0.0405394556158476
"2","MSS",0.247880743011629,0.168583741683615,0.645046296296296,0.0890859164332653,0.6303367003367,0.0849222062288246,0.172627223768919,0.117114682324367,0.652311111111111,0.0448297425835329,0.6,0.056668634361744
"3","Concatenated",0.34646212447396,0.149853938957419,0.691395502645503,0.0867316940918319,0.678619528619529,0.0752771361855896,0.218554822567852,0.0839961133472736,0.661688888888889,0.0311360217730501,0.619393939393939,0.0409259224633555
"4","Averaged Stacked",0.252550639582626,0.16418321268569,0.684960317460317,0.0724148667444744,0.633299663299663,0.0811420916888085,0.275860863224309,0.109978144870228,0.709511111111111,0.0364552055347657,0.646060606060606,0.0522760209766008
"5","Weighted NNLS",0.236541608055907,0.154455103407669,0.723121693121693,0.0812945507543483,0.639292929292929,0.0695009477595281,0.195193292769256,0.132004766647606,0.7336,0.0708178078223402,0.623030303030303,0.057276506437536
"6","Lasso Stacked",0.330171119923929,0.174247395055131,0.725707671957672,0.0767138381344153,0.671010101010101,0.083578893960943,0.369903377855446,0.0749734685521577,0.732266666666667,0.0339044408759548,0.68969696969697,0.0366654144539495
"7","PLS",0.322804499539434,0.1584735597005,0.720509259259259,0.0769759579768644,0.667979797979798,0.0771374571701203,0.290227027907739,0.195164002232872,0.728888888888889,0.0377886072246495,0.652121212121212,0.0913926533146391
