"","Category","Kappa Train _Mean","Kappa Train _SD","auroc Train _Mean","auroc Train _SD","Accuracy Train _Mean","Accuracy Train _SD","Kappa Test _Mean","Kappa Test _SD","auroc Test _Mean","auroc Test _SD","Accuracy Test _Mean","Accuracy Test _SD"
"1","Metabolomics",-0.0321002301604471,0.162635566581813,0.580952380952381,0.107777577402891,0.551470588235294,0.0786553611828699,0.00919389374257325,0.064443166786679,0.694444444444445,0.102749277206727,0.384313725490196,0.0376435572601285
"2","MSS",-0.0676581550269534,0.204323016931163,0.591322751322751,0.0945075279832514,0.516911764705882,0.0935855989730569,0.111078861595985,0.0683986681536266,0.582323232323232,0.0714619057291389,0.474509803921569,0.0519832412757963
"3","Concatenated",-0.00682833216608455,0.0946179938367392,0.635873015873016,0.109841794134515,0.564460784313725,0.0448741741541187,0.024218417241673,0.0652940958825535,0.707575757575758,0.0770346898114313,0.384313725490196,0.0437190207621886
"4","Averaged Stacked",-0.0590372734875181,0.161350008193454,0.611322751322751,0.090446083757758,0.536764705882353,0.0784710268277968,0.0584147294040868,0.0421288426051908,0.587373737373737,0.0755878329246695,0.407843137254902,0.0349186376296861
"5","Weighted NNLS",0.0954368785576839,0.207677871338681,0.568888888888889,0.129285829125952,0.487990196078431,0.1337423184496,0,0,0.555050505050505,0.101092138403009,0.647058823529412,0
"6","Lasso Stacked",0.0151503608388452,0.0788147684300783,0.575925925925926,0.101898910313459,0.571813725490196,0.042441611292325,-0.0273034688759802,0.121379117418125,0.677272727272727,0.116162400398884,0.372549019607843,0.0726133411586315
"7","PLS",0.199091383744158,0.208185059022741,0.641693121693122,0.111872137324177,0.629411764705882,0.0921551399654217,0.000582099656926005,0.163515813575387,0.615656565656566,0.0893841557979329,0.454901960784314,0.0980952220979755
