"","Category","Kappa Train _Mean","Kappa Train _SD","Aucroc Train _Mean","Aucroc Train _SD","Accuracy Train _Mean","Accuracy Train _SD","Kappa Test _Mean","Kappa Test _SD","Aucroc Test _Mean","Aucroc Test _SD","Accuracy Test _Mean","Accuracy Test _SD"
"1","Metabolomics",-0.0742771792769462,0.196063697039238,0.611445473251029,0.0975880993455611,0.461519607843137,0.0975468677385614,-0.188654462066059,0.133980763618797,0.646111111111111,0.10439878353005,0.368627450980392,0.0963890880854925
"2","MSS",0.00839179425354006,0.22995747853849,0.596521347736626,0.0820224286351935,0.502450980392157,0.115955225129036,0.0508138270849573,0.167535715979319,0.552777777777778,0.0442765026232495,0.509803921568627,0.118991640295307
"3","Concatenated",-0.0307744209911707,0.273997187014052,0.595826903292181,0.0919107556671059,0.484259259259259,0.136302958267621,-0.178946853465141,0.133226157645913,0.631111111111111,0.0875084378343566,0.435294117647059,0.0811561840777128
"4","Averaged Stacked",0.0468093575115182,0.234770412220062,0.607394547325103,0.122018794867404,0.522358387799564,0.117198614294284,-0.0651451204104354,0.126936564240037,0.556111111111111,0.0566206748111528,0.447058823529412,0.0913860839472709
"5","Weighted NNLS",0.106884552303184,0.178477239700203,0.60708912037037,0.126995179497137,0.547365196078431,0.0922043987203625,0.0919525819538524,0.182114882447761,0.563055555555556,0.100368514331824,0.719607843137255,0.0395960286286184
"6","Lasso Stacked",-0.0582186167671882,0.267790582605995,0.623405349794239,0.111119334917198,0.475435729847495,0.134231302309639,-0.117395575482919,0.22132981231716,0.632777777777778,0.0711399423662576,0.427450980392157,0.142806585276692
"7","PLS",0.141668832601931,0.223970975826019,0.639731224279835,0.0988850351175018,0.572787309368192,0.11112525007508,0.0944738305734131,0.171383022397151,0.585555555555556,0.0818493095815139,0.548039215686275,0.113842607095377
