"","Category","Kappa Train _Mean","Kappa Train _SD","Aucroc Train _Mean","Aucroc Train _SD","Accuracy Train _Mean","Accuracy Train _SD","Kappa Test _Mean","Kappa Test _SD","Aucroc Test _Mean","Aucroc Test _SD","Accuracy Test _Mean","Accuracy Test _SD"
"1","Metabolomics",0.744076073550509,0.154852274290647,0.956552706552707,0.0463846562946254,0.873881673881674,0.0752988437759671,0.703373326140423,0.0687925866226183,0.953131313131313,0.0206755470462105,0.851282051282051,0.0352105929397741
"2","MSS",0.498665051140275,0.181237015491881,0.846058879392213,0.0806034909912759,0.756854256854257,0.0874479794668024,0.784910770200371,0.0805672850515472,0.954747474747475,0.021835811379952,0.894871794871795,0.0397229061149479
"3","Concatenated",0.744176699924487,0.102587110880051,0.954036087369421,0.0290353621586305,0.873737373737374,0.0499222789880254,0.727874855123516,0.0404773901205608,0.958787878787879,0.0229298332538634,0.864102564102564,0.0198614530574739
"4","Averaged Stacked",0.771556388121916,0.158628630811237,0.951566951566952,0.0611635764627317,0.889466089466089,0.0736270187395249,0.779035509203974,0.0699415186071484,0.97010101010101,0.0197673291022892,0.88974358974359,0.0352105929397741
"5","Weighted NNLS",0.820747368310102,0.137264150912453,0.963770180436847,0.0450811592971385,0.911544011544012,0.0670989021186485,0.829837730991213,0.0777753887371744,0.974949494949495,0.0204715070500631,0.915384615384615,0.0390071194490085
"6","Lasso Stacked",0.78236239178428,0.135307424947925,0.962583095916429,0.0436784242496996,0.892496392496392,0.0662597647986526,0.711925692637952,0.061692950649408,0.96,0.019137920540739,0.856410256410256,0.0307234091045377
"7","PLS",0.807246475945617,0.142829955266637,0.961348528015195,0.0466327794888878,0.905194805194805,0.0698232299934056,0.732806083054804,0.0578406789432614,0.95030303030303,0.0350558483229229,0.866666666666667,0.0285855135752772
