"File_Name","Study_Name","Response_Variable","Model","Metabolomics","MSS","Concatenated","Averaged Stacked","Weighted NNLS","Lasso Stacked","PLS"
"era_age_enet.csv","era","age","enet",11.255711347082,21.5977906359909,16.8946768491903,15.0373278300261,10.8539427306078,11.3599926497667,11.6198302861112
"era_age_rf.csv","era","age","rf",11.625103213733,11.7445542786223,11.6296934487174,11.5863154452133,11.0939595352109,11.7604520330785,12.4916034809664
"era_age_xgb.csv","era","age","xgb",11.5462631648674,13.1983786617609,13.116183485773,11.8983858041469,10.3923639513089,12.7819661538262,13.2669972391103
"era_cholesterol_enet.csv","era","cholesterol","enet",14.8301892900356,157.152315985488,138.136284681476,79.391210989372,18.0148985676597,29.80081490558,46.0622361134924
"era_cholesterol_rf.csv","era","cholesterol","rf",16.9806848504768,19.6101259626485,19.382404225962,17.6749930846088,18.5044372481719,18.9841800769627,20.9751993876325
"era_cholesterol_xgb.csv","era","cholesterol","xgb",20.4281216596876,21.6591467147343,21.9352437424344,18.6798122779705,19.2556167617303,20.2173385110173,22.1358304005055
"era_glucose_enet.csv","era","glucose","enet",12.1122529482735,94.6424950204315,107.472588382509,49.8020941703726,10.9927995686766,13.0130346623766,18.2101068236296
"era_glucose_rf.csv","era","glucose","rf",11.9135680191319,11.392733451425,11.3423875316653,11.5642109208028,10.9530197416272,11.8332139548579,12.9706533159297
"era_glucose_xgb.csv","era","glucose","xgb",13.9441971680856,12.4599329812196,11.9207816799463,12.4332574884273,10.99285351371,12.6863289053965,12.9391431530094
