"File_Name","Study_Name","Response_Variable","Model","Metabolomics","MSS","Concatenated","Averaged Stacked","Weighted NNLS","Lasso Stacked","PLS"
"nf_era_age_enet.csv","era","age","enet",10.5836097062522,582.206439819875,463.179088397559,291.494428937416,10.9624653476984,129.238682639458,104.215895404271
"nf_era_age_rf.csv","era","age","rf",11.2254109864299,11.8475558687103,11.7471646107294,11.4653799854128,10.8712761143202,11.7725443844749,12.8785718652665
"nf_era_age_xgb.csv","era","age","xgb",11.0027282232648,12.8483039808719,12.4811742204252,11.4387770104747,10.3073754160036,12.1996147781125,12.9518901206494
"nf_era_cholesterol_enet.csv","era","cholesterol","enet",15.7810658507708,1536.36670163284,1353.002545374,768.174138863832,19.3198828121765,229.586056692923,371.819368886353
"nf_era_cholesterol_rf.csv","era","cholesterol","rf",18.3298267283413,20.8256696265425,20.3159435084033,19.2676337303604,18.9633270745716,19.4377384140513,19.852928433978
"nf_era_cholesterol_xgb.csv","era","cholesterol","xgb",21.3636731849752,23.5547447698384,22.1612385436735,20.3366952199072,20.2899834395996,21.9256871079315,24.6668369055085
"nf_era_glucose_enet.csv","era","glucose","enet",13.5980036663723,841.642970731559,457.051846233774,422.081731100703,10.7460482990659,29.365657609881,119.565770515374
"nf_era_glucose_rf.csv","era","glucose","rf",11.9347253658905,12.0843087887504,11.9426069399894,11.9091217031483,10.71478415342,12.1922609695884,13.2706415175466
"nf_era_glucose_xgb.csv","era","glucose","xgb",14.5615053405364,13.9856789867883,14.6127909046966,13.3090452041749,10.776665746624,13.9938623498318,12.9916733216797
