"File_Name","Study_Name","Response_Variable","Model","Metabolomics","MSS","Concatenated","Averaged Stacked","Weighted NNLS","Lasso Stacked","PLS"
"era_alcohol_enet.csv","era","alcohol","enet",0.543621399176955,0.6,0.602880658436214,0.581893004115226,0.552674897119342,0.58641975308642,0.578600823045267
"era_alcohol_rf.csv","era","alcohol","rf",0.563786008230453,0.739506172839506,0.713168724279835,0.660493827160494,0.61522633744856,0.676131687242798,0.642798353909465
"era_alcohol_xgb.csv","era","alcohol","xgb",0.591769547325103,0.665432098765432,0.641152263374486,0.667901234567901,0.51522633744856,0.65679012345679,0.648148148148148
"era_gender_rf.csv","era","gender","rf",0.577037037037037,0.75037037037037,0.72962962962963,0.524444444444444,0.718518518518519,0.625185185185185,0.6
"era_gender_xgb.csv","era","gender","xgb",0.514074074074074,0.591111111111111,0.605185185185185,0.538518518518519,0.557777777777778,0.543703703703704,0.565185185185185
"era_sg_enet.csv","era","sg","enet",1,0.830833333333333,0.991666666666667,0.995833333333333,1,1,1
"era_sg_rf.csv","era","sg","rf",1,0.910833333333333,0.96125,1,1,1,1
"era_sg_xgb.csv","era","sg","xgb",0.999166666666667,0.888333333333333,0.998333333333333,0.990833333333333,1,0.99,0.9975
