"File_Name","Study_Name","Response_Variable","Model","Metabolomics","MSS","Concatenated","Averaged Stacked","Weighted NNLS","Lasso Stacked","PLS"
"nf_era_alcohol_enet.csv","era","alcohol","enet",0.525102880658436,0.594650205761317,0.553497942386831,0.557201646090535,0.541975308641975,0.535802469135802,0.532510288065844
"nf_era_alcohol_rf.csv","era","alcohol","rf",0.612345679012346,0.731275720164609,0.713168724279835,0.714814814814815,0.623045267489712,0.631687242798354,0.681481481481481
"nf_era_alcohol_xgb.csv","era","alcohol","xgb",0.552263374485597,0.659259259259259,0.673662551440329,0.62880658436214,0.620164609053498,0.613991769547325,0.595884773662551
"nf_era_gender_enet.csv","era","gender","enet",0.551851851851852,0.551851851851852,0.583333333333333,0.563888888888889,0.582407407407407,0.551851851851852,0.562037037037037
"nf_era_gender_rf.csv","era","gender","rf",0.704166666666667,0.580092592592593,0.593055555555556,0.627314814814815,0.593518518518519,0.66712962962963,0.676851851851852
"nf_era_gender_xgb.csv","era","gender","xgb",0.570833333333333,0.575925925925926,0.5625,0.562037037037037,0.532407407407407,0.574537037037037,0.55462962962963
"nf_era_sg_enet.csv","era","sg","enet",1,0.754166666666667,0.9875,0.985,1,1,0.9975
"nf_era_sg_rf.csv","era","sg","rf",1,0.869166666666667,0.944166666666667,1,1,1,1
"nf_era_sg_xgb.csv","era","sg","xgb",1,0.865833333333333,0.988333333333333,0.9975,1,0.995833333333333,0.998333333333333
