"","Category","Kappa Train _Mean","Kappa Train _SD","Aucroc Train _Mean","Aucroc Train _SD","Accuracy Train _Mean","Accuracy Train _SD","Kappa Test _Mean","Kappa Test _SD","Aucroc Test _Mean","Aucroc Test _SD","Accuracy Test _Mean","Accuracy Test _SD"
"1","Metabolomics",0.252153344179962,0.249029852411106,0.721617283950617,0.0995481774660639,0.690357142857143,0.100338853329746,-0.0338955162484575,0.209757644669599,0.577037037037037,0.061070212384451,0.759259259259259,0.0453609211626515
"2","MSS",0.131182935396102,0.242212948232564,0.705753086419753,0.116325769414847,0.650912698412698,0.0977754747461201,-0.12467672678199,0.0740079525483242,0.75037037037037,0.0675688513788771,0.737037037037037,0.0741401821408453
"3","Concatenated",0.207350266574561,0.2000410879977,0.689888888888889,0.138693227258861,0.685952380952381,0.0727102276910501,-0.0827972027972029,0.0757372958844337,0.72962962962963,0.0717219138186559,0.774074074074074,0.0573775310549247
"4","Averaged Stacked",0.127645577704401,0.212979334238167,0.758654320987654,0.122898630671231,0.665674603174603,0.0890645408758222,-0.0816783216783217,0.0774566906252511,0.524444444444444,0.0903842473515832,0.774074074074074,0.0610990849157549
"5","Weighted NNLS",0.341174663413753,0.288117605786991,0.748049382716049,0.16537521199396,0.711468253968254,0.111567162151083,0.0641491841491841,0.141310033779797,0.718518518518519,0.150991237856589,0.833333333333333,0.0209980262782904
"6","Lasso Stacked",0.135731244064577,0.196743656190981,0.793827160493827,0.0691313459133045,0.676190476190476,0.0652023494352933,-0.0405594405594405,0.0536622571708721,0.625185185185185,0.106115197018207,0.807407407407407,0.0355522485234547
"7","PLS",0.521590472195975,0.17662241783204,0.803308641975309,0.0756372712309772,0.788769841269841,0.070180733908549,-0.11262323641271,0.165757327978089,0.6,0.129304202250262,0.644444444444444,0.130795962377477
