"","Category","Kappa Train _Mean","Kappa Train _SD","Aucroc Train _Mean","Aucroc Train _SD","Accuracy Train _Mean","Accuracy Train _SD","Kappa Test _Mean","Kappa Test _SD","Aucroc Test _Mean","Aucroc Test _SD","Accuracy Test _Mean","Accuracy Test _SD"
"1","Metabolomics",0.0107963875205254,0.135429162971212,0.540178571428571,0.0960553455427822,0.504444444444444,0.0695519009892392,0.0888888888888889,0.163730755025113,0.591769547325103,0.103314195302073,0.544444444444445,0.0818653775125564
"2","MSS",0.0260151777393157,0.260314958426051,0.570238095238095,0.109667023043712,0.513055555555556,0.12956798893482,0.237037037037037,0.196381133708564,0.665432098765432,0.0963155138423679,0.618518518518518,0.0981905668542819
"3","Concatenated",0.103632224515256,0.222753394294057,0.579910714285714,0.140660932403134,0.551944444444444,0.109990379569686,0.222222222222222,0.145478593490662,0.641152263374486,0.101292264999542,0.611111111111111,0.0727392967453308
"4","Averaged Stacked",0.0932565570496605,0.254767835238855,0.597172619047619,0.102087175905943,0.546944444444444,0.125706995339355,0.296296296296296,0.22485216254895,0.667901234567901,0.12568968399234,0.648148148148148,0.112426081274475
"5","Weighted NNLS",0.0396396396396397,0.153523664173988,0.525,0.0968245836551854,0.526666666666667,0.0768424485864545,0,0,0.51522633744856,0.0589713513620059,0.5,0
"6","Lasso Stacked",0.160514117151285,0.257922197815187,0.598511904761905,0.121687227643156,0.5825,0.127885349819331,0.17037037037037,0.258426478059084,0.65679012345679,0.121586360141849,0.585185185185185,0.129213239029542
"7","PLS",0.196293933665047,0.215046976747945,0.628422619047619,0.0928339395721831,0.599166666666667,0.106941609939761,0.0888888888888889,0.26626954557266,0.648148148148148,0.116632368072168,0.544444444444444,0.13313477278633
