"","Category","Kappa Train _Mean","Kappa Train _SD","Aucroc Train _Mean","Aucroc Train _SD","Accuracy Train _Mean","Accuracy Train _SD","Kappa Test _Mean","Kappa Test _SD","Aucroc Test _Mean","Aucroc Test _SD","Accuracy Test _Mean","Accuracy Test _SD"
"1","Metabolomics",0.249434567513383,0.208575650701262,0.6390625,0.14694760181448,0.623888888888889,0.104895860425431,0.2,0.127380334271358,0.612345679012346,0.0747033820688826,0.6,0.063690167135679
"2","MSS",0.0758581706998102,0.264352075186073,0.599776785714286,0.111969914244734,0.539166666666667,0.132510481765699,0.318518518518519,0.156384789010888,0.731275720164609,0.0558422285559647,0.659259259259259,0.0781923945054441
"3","Concatenated",0.112182778915831,0.230119739124588,0.602827380952381,0.119641359916132,0.555555555555556,0.114777072863122,0.303703703703704,0.135866587396757,0.713168724279835,0.0752358434195756,0.651851851851852,0.0679332936983786
"4","Averaged Stacked",0.249709257208494,0.22128818590217,0.613392857142857,0.126598966014988,0.624722222222222,0.110604250662216,0.288888888888889,0.177181539839693,0.714814814814815,0.0552214133261157,0.644444444444444,0.0885907699198465
"5","Weighted NNLS",0.185012326755446,0.258437432418566,0.671056547619048,0.182741131214532,0.595,0.129005275516589,0.133333333333333,0.179161283295523,0.623045267489712,0.123268521939005,0.566666666666667,0.0895806416477617
"6","Lasso Stacked",0.260624459378535,0.288995021949627,0.66733630952381,0.160059955955814,0.63,0.144313509031168,0.162962962962963,0.196381133708564,0.631687242798354,0.0851400164821029,0.581481481481481,0.0981905668542819
"7","PLS",0.291816152435621,0.216291613498749,0.700744047619048,0.156007160661297,0.646111111111111,0.108578781775501,0.0666666666666667,0.271516740529948,0.681481481481481,0.0597933020177467,0.533333333333333,0.135758370264974
